Workbook

Sheet Budget
A1: Line | B1: Amount
A2: Rent | B2: 9968.69
A3: Payroll | B3: 13248.41
A4: Travel | B4: 51268.33
A5: Software | B5: 21606.57
A6: Marketing | B6: 44702.44
A7: Legal | B7: 41444.53
A8: Facilities | B8: 26334.56
A9: Training | B9: 44550.27
A10: Insurance | B10: 34380.82
A11: Misc | B11: 39788.53

Sheet Actuals
A1: Line | B1: Amount
A2: Rent | B2: 13611.68
A3: Payroll | B3: 16130.72
A4: Travel | B4: 62700.96
A5: Software | B5: 20442.77
A6: Marketing | B6: 61508.43
A7: Legal | B7: 44694.06
A8: Facilities | B8: 25913.68
A9: Training | B9: 44560.24
A10: Insurance | B10: 39251.35
A11: Misc | B11: 28994.62

Sheet Variance
A1: Line | B1: Budget | C1: Actual | D1: Variance
A2: Rent | B2: =Budget!B2 | C2: =Actuals!B2 | D2: =C2-B2
A3: Payroll | B3: =Budget!B3 | C3: =Actuals!B3 | D3: =C3-B3
A4: Travel | B4: =Budget!B4 | C4: =Actuals!B4 | D4: =C4-B4
A5: Software | B5: =Budget!B5 | C5: =Actuals!B5 | D5: =C5-B5
A6: Marketing | B6: =Budget!B6 | C6: =Actuals!B6 | D6: =C6-B6
A7: Legal | B7: =Budget!B7 | C7: =Actuals!B7 | D7: =C7-B7
A8: Facilities | B8: =Budget!B8 | C8: =Actuals!B8 | D8: =C8-B8
A9: Training | B9: =Budget!B9 | C9: =Actuals!B9 | D9: =C9-B9
A10: Insurance | B10: =Budget!B10 | C10: =Actuals!B10 | D10: =C10-B10
A11: Misc | B11: =Budget!B11 | C11: =Actuals!B11 | D11: =C11-B11
A13: Top overspend
A14: Marketing
A15: Travel
A16: Insurance
